{"cameraMode":{"drawMode":0,"name":"Shaded","section":"Shading Mode"},"sceneLighting":false,"audioPlay":false,"sceneViewState":{"showFog":true,"showMaterialUpdate":false,"showSkybox":true,"showFlares":true,"showImageEffects":true,"showParticleSystems":true},"in2DMode":false,"pivot":{"x":15.899662017822266,"y":6.822813987731934,"z":4.3089423179626469},"rotation":{"x":0.14758771657943726,"y":-0.6236717700958252,"z":0.1214391216635704,"w":0.7579603791236877},"size":1.5667612552642823,"orthographic":false}