{"cameraMode":{"drawMode":0,"name":"Shaded","section":"Shading Mode"},"sceneLighting":false,"audioPlay":false,"sceneViewState":{"showFog":true,"showMaterialUpdate":false,"showSkybox":true,"showFlares":true,"showImageEffects":true,"showParticleSystems":true},"in2DMode":false,"pivot":{"x":7.859999656677246,"y":5.821374893188477,"z":1.5425000190734864},"rotation":{"x":-0.03988613933324814,"y":-0.006902623921632767,"z":0.0002727312967181206,"w":-0.9991803765296936},"size":12.966909408569336,"orthographic":true}