{"cameraMode":{"drawMode":0,"name":"Shaded","section":"Shading Mode"},"sceneLighting":false,"audioPlay":false,"sceneViewState":{"showFog":true,"showMaterialUpdate":false,"showSkybox":true,"showFlares":true,"showImageEffects":true,"showParticleSystems":true},"in2DMode":false,"pivot":{"x":7.859999656677246,"y":6.240375518798828,"z":3.3450000286102297},"rotation":{"x":0.09523453563451767,"y":0.1752500683069229,"z":-0.01703491620719433,"w":0.9797589778900147},"size":10.725569725036621,"orthographic":false}