{"cameraMode":{"drawMode":0,"name":"Shaded","section":"Shading Mode"},"sceneLighting":false,"audioPlay":false,"sceneViewState":{"showFog":true,"showMaterialUpdate":false,"showSkybox":true,"showFlares":true,"showImageEffects":true,"showParticleSystems":true},"in2DMode":false,"pivot":{"x":0.6702253818511963,"y":1.1449999809265137,"z":2.2400002479553224},"rotation":{"x":0.061750251799821857,"y":0.02544287219643593,"z":-0.0015747786965221167,"w":0.9977660775184631},"size":15.475170135498047,"orthographic":false}