{"cameraMode":{"drawMode":0,"name":"Shaded","section":"Shading Mode"},"sceneLighting":false,"audioPlay":false,"sceneViewState":{"showFog":true,"showMaterialUpdate":false,"showSkybox":true,"showFlares":true,"showImageEffects":true,"showParticleSystems":true},"in2DMode":false,"pivot":{"x":8.010000228881836,"y":4.483969688415527,"z":16.267730712890626},"rotation":{"x":0.1981615126132965,"y":-0.013231308199465275,"z":0.0026759286411106588,"w":0.9800764322280884},"size":4.481410026550293,"orthographic":true}