{"cameraMode":{"drawMode":0,"name":"Shaded","section":"Shading Mode"},"sceneLighting":false,"audioPlay":false,"sceneViewState":{"showFog":true,"showMaterialUpdate":false,"showSkybox":true,"showFlares":true,"showImageEffects":true,"showParticleSystems":true},"in2DMode":false,"pivot":{"x":4.60302734375,"y":3.987945556640625,"z":0.22705078125},"rotation":{"x":0.05371588096022606,"y":0.20374935865402223,"z":-0.011196710169315339,"w":0.9774842858314514},"size":2.020829200744629,"orthographic":true}