{"cameraMode":{"drawMode":0,"name":"Shaded","section":"Shading Mode"},"sceneLighting":true,"audioPlay":false,"sceneViewState":{"showFog":true,"showMaterialUpdate":false,"showSkybox":true,"showFlares":true,"showImageEffects":true,"showParticleSystems":true},"in2DMode":false,"pivot":{"x":8.010000228881836,"y":4.483969688415527,"z":16.267730712890626},"rotation":{"x":0.11807254701852799,"y":-0.029937567189335824,"z":0.0035487611312419178,"w":0.9925472736358643},"size":12.836451530456543,"orthographic":true}