{"cameraMode":{"drawMode":0,"name":"Shaded","section":"Shading Mode"},"sceneLighting":false,"audioPlay":false,"sceneViewState":{"showFog":true,"showMaterialUpdate":false,"showSkybox":true,"showFlares":true,"showImageEffects":true,"showParticleSystems":true},"in2DMode":false,"pivot":{"x":7.859999656677246,"y":5.821374893188477,"z":1.5425000190734864},"rotation":{"x":0.05327143147587776,"y":0.061373017728328708,"z":-0.003280537435784936,"w":0.9966869354248047},"size":12.966909408569336,"orthographic":false}