{"cameraMode":{"drawMode":0,"name":"Shaded","section":"Shading Mode"},"sceneLighting":false,"audioPlay":false,"sceneViewState":{"showFog":true,"showMaterialUpdate":false,"showSkybox":true,"showFlares":true,"showImageEffects":true,"showParticleSystems":true},"in2DMode":false,"pivot":{"x":-0.5,"y":6.553998947143555,"z":6.710000038146973},"rotation":{"x":0.05327143147587776,"y":0.061373017728328708,"z":-0.003280537435784936,"w":0.9966869354248047},"size":22.892662048339845,"orthographic":false}